0,1,2,3
hits,5y2ijHECwFYWqcAHKTZgzD,Bruno Mars,Risk It All
hits,1DwscornXpj8fmOmYVlqZt,"PinkPantheress,Zara Larsson",Stateside + Zara Larsson
hits,2dqjk8AmosqLig5qsZB9k3,"Todays Top Hits,Top Hits Today",Top Hits
hits,7ERreYv50QW9LN0uWmnsaE,Benson Boone,Sorry I'm Here for Someone Else
hits,0TBUGTXsKdNGLlDfPzPKwx,"HUNTR/X,EJAE,AUDREY NUNA,REI AMI,KPop Demon Hunters Cast",Golden
hits,00uVSZTrFDPM4fbtNfCkze,Chappell Roan,Pink Pony Club
hits,1cazcmGLGjaHMphAn4s1Ay,Chappell Roan,The Subway
hits,1LboNa9vVOz6jXMYUeshYY,Joyner Lucas,One Of Them
hits,3jGu9JuDKhja9lhrlJ6cO4,shamlo,wakeup
hits,0I0P8FFXCndrwK1wBDo2bB,Joyner Lucas,One Of Them
hits,2QP041AcWg8PwPIWP95RKN,Beéle,top diesel
hits,5ExdOzfjU995VqkJMsm9u2,Beéle,top diesel
hits,3Jy9Lp1bw897lH5J6B2XiZ,Beéle,top diesel - 5020 RCRDS Sessions
hits,6eeAKhxUjIMGJ5Yt3qrFv6,"Topic,A7S",Kernkraft 400 (A Better Day)
hits,5shWaE48zh8ZnXzJMMIkuu,"Kal Banx,Pink Siifu,reggie,Outlaw Mel",400
hits,3Y2X5eIL9N5C0gu9Q2iB4w,Connor Price,Back on Tour
hits,3EP9OvE0Kh96oNTcoJrxPv,"Kal Banx,SiR,Childish Major,Guapdad 4000,Kent Jamz",BACK IT UP
hits,4M5df297Jy9j5eMb5smzNz,Bankzitters,Harder Dan Ik Spenden Kan
hits,2u9S9JJ6hTZS3Vf22HOZKg,Drake,NOKIA
hits,6zyvuWe21B3c9HniEI7XN2,Charli xcx,Apple
hits,5aUm8MK2WV5VNpBI7P46zv,Ravyn Lenae,Love Me Not
hits,6b96EGRehnfxltwP3CUKGF,Dua Lipa,Houdini
hits,6uUYS3Q1QPirjDcOwPhygp,Alex Warren,Ordinary
hits,6TTJwB0C9k4I50aga2Th6V,Benson Boone,Slow It Down
hits,2UQEc5oi8EU3eeE6flKLTp,Aliyah's Interlude,Kryptonite
hits,0G39UVgcBxSEczgeePgZan,Drake,NOKIA
hits,4UewdamYCjn4PfaljS4RAn,Aliyah's Interlude,Kryptonite
hits,0a7VMpyzpvpfCIboJbDKKy,Kidz Bop Kids,HOT TO GO!
hits,13B6PIIMJTZNcpc8yB1HCw,Razeonx,Folded X Miss Independent
hits,7scFB6tOgDNEepsTsHxsB4,"HUNTR/X,EJAE,AUDREY NUNA,REI AMI,KPOPガールズ! デーモン・ハンターズ・キャスト",ゴールデン
hits,17ksS0tBwx1yAgJSl7oWZ1,Razeonx,Yukon X 2 On
hits,56oLgWtoYpY0HxAbzVpl7Y,Ravyn Lenae,Love Me Not
hits,6Yi0nyzsYTRJWyZN7fcp9H,Low G,Nét
hits,0skfkn3RJX7v8lh3PKpH1V,Low G,Nét
hits,4Xcj2qzDHlZZnebfWNbMOO,Beezy2janky,Viral
hits,2HNB1KfLWpQ3i7jG8LcOLU,"Rob49,Lil Durk",Viral (feat. Lil Durk)
hits,3q3ene9MGUbx02i0QP3iIG,Lil Durk,Viral Moment
hits,5iY62sAYMwcqGmSx0JGVci,Bruno Mars,That’s What I Like
hits,3Iayq2EJnKXogyQOM93c3l,Bruno Mars,That’s What I Like
hits,0RAxoY97EqmbYHklO1N9es,Bruno Mars,Locked Out of Heaven
hits,6PqVRIeM78HkOgvfpA3td6,Bruno Mars,Locked Out of Heaven
hits,48wyG89wxfHXz3IosJzKru,"Clean Top Hits Playlist,Top Hits Right Now",Todays Top Hit Songs
hits,1BJN62eRl94F566Bwvs0vr,Trinix Remix,Hits 2023
hits,0ZBg0OsGKgZajDgFtryiz7,"Gunna,Offset",prada dem (feat. Offset)
hits,7fzN9lz890zav0HERLvVKZ,"Gunna,Offset",prada dem (feat. Offset)
hits,3aJo8RCf1eKdUIz6LzjFF7,"Gunna,Offset",prada dem (feat. Offset)
hits,0LrQj6s3hT21T2beeWTCDO,"Gunna,Offset",prada dem (feat. Offset)
hits,4r5zpPyv0Ctbgvi9NZJRQd,"Anne-Marie,Marshmello",FRIENDS
hits,4JO9RHRBvQlVJjDdp8Sis5,Ed Sheeran,Shivers
hits,01tOqk1Om0qaH1rl2ayKgw,Green Day,Basket Case
hits,0oL29XSVccvu8rh0c6GD9E,Billy Idol,Eyes Without A Face - Remastered 1999
hits,5E6ErIxJ8mtp4KdZf6pbG4,Teddy Swims,Lose Control
hits,0R7iusH1NLXMDz4W4q6SlP,Queen,I Want To Break Free - Remastered 2011
hits,07UdfUFR3Ku3saas0hOJHL,Cage The Elephant,2024
niche,4eFV1LfWlYCVJnPTuSo3db,Joji,LOVE YOU LESS
niche,1jt52pdD0Akt5ix1FKRC5P,Joji,LOVE YOU LESS
niche,4jzBGAqxOSukimN4vyAVtC,Ocean Alley,First Blush
niche,5Vu1MTtsQFUO03YpHyfcuU,"Geezer,Kevin Abstract,Dominic Fike,Love Spells,Truly Young",Doggy (feat. Love Spells and Truly Young)
niche,5El7hefZel9jzdjnoBUrUJ,Love Spells,Lovers Only
niche,1Gbf1RVCUZb5NuN8GEo5pV,LOFI BEATS,Lo-Fi Chill
niche,7s0IuLJ6Nt6VM5GKd2X3fF,Lemon Demon,Indie Cindy & the Lo-fi Lullabies
niche,1FgLUsd5WN5pzYHo564bO5,Lemon Demon,Indie Cindy & the Lo-fi Lullabies
niche,2vc1T9vSkYNkaVt6pgw7pK,Ludvig Freso,2035
niche,1vwVgDd0EHURAjoTb2glnM,Idris Kelly,Lo-fi Love Letters
niche,3JZO1MJaqB34F8fvkMjzPo,slayr,Sloppy Joe
niche,5aak2W59XnbvZAmfVztJIy,Underground Sound,Benji Blue Bills Cypher Verse
niche,1lJOLxDS8kS2rihrqezMcv,EsDeeKid,Century
niche,2pPNAgcdgtRMwK9mPYMK7O,"EsDeeKid,Rico Ace",Cali Man
niche,1DlZejebji41eJcIudHsMv,SpaceGhostPurrp,Underground
niche,6N0b6jlahlvHsV5MyZd0f8,JPEGMAFIA,Valentine's Day Freestyle '25
niche,13qE9UwXHDPk83chAKorAE,ilyTOMMY,sick & tired 3
niche,5xUUmEcCA9AONCu864FCGq,"Joey Bada$$,Westside Gunn",SWANK WHITE (feat. Westside Gunn)
niche,6uswzaEBsAG2q0jAGuE2AJ,excape.,eternal optimist
niche,12AAc9ftH3iP59p1xehvHD,LOFI BEATS,Ambient Music
niche,1KBFCXmzqxMBpc4RBJo3r3,13 Miles,xscape
niche,7yTzckbliCm015yCM0nPrD,The Old Rule King,Temporal Displacement Sui Iuris Quaestio audivit
niche,5M7hXdrMxDptSotJRZfq2l,Exkryptt,on your mind
niche,0NDZPZsbsFYT2DoS5wivv5,ByErik ヵ,lost in time
niche,7i5NgHtFZm3ocItncbhLp9,LOFI BEATS,ambient chillout
niche,1kOBxrtYxCUM6mmlszMAlT,LOFI BEATS,ambient music
niche,3go8gVfny946UDXxtqosA3,Oneohtrix Point Never,Cherry Blue
niche,5KBPV8DAORKR4lNj1HId2b,A Deeper Sense,Ambient Mood
niche,2x1Up4aNJ9mpmiPFJ83MX3,Litany,Bedroom
niche,1L2Z2Xpta5CZ59kIazq9Xp,"Yellowcard,Good Charlotte",Bedroom Posters (feat. Good Charlotte)
niche,2TAKt1x0k9AltDJm31GhEu,"Malcolm Todd,Omar Apollo",Bleed (feat. Omar Apollo)
niche,6Ql76QUTIXajTh9cVjrAZl,Conan Gray,Vodka Cranberry
niche,3BUc2A0MJ53FHwiy3eohBt,The Marías,Nobody New
niche,5zkH7Vphoo8wEbGveS7yKB,"Tray B,Fleeky Bang",YEL Locked In (feat. Fleeky Bang)
niche,1DpC4L3JjsGRW7y6eTHaMj,"Selena Gomez,benny blanco,The Marías",Ojos Tristes (with The Marías)
niche,7aJDtyNcnlx8a1P60uqmNn,Love Spells,Love Costs
niche,1jlBePA3tcycCoANSSZbgj,The Marías,Hamptons
niche,2E1C3NlPA0AfmiFJE4MTXT,FINNEAS,Lotus Eater
niche,1QDgcVfZKIf2SKBjQzzTLs,Glass Animals,Creatures in Heaven
niche,4M8OFpd2XF6WvXB7AeTibt,All India Radio,Lo Fi Groovy
niche,23llqCsYnT0GpvB373bO8p,"Swink,Lofi Girl",Holiday Beginning
niche,5GwzDVqxSoif2fr8HKtoUl,YY NOVELL,Dopamina
niche,3UsJUXvHb7qz4GiQtEc4a4,sosocamo,keep steady
niche,6AI3ezQ4o3HUoP6Dhudph3,Kendrick Lamar,Not Like Us
niche,0oVLv8TAInhyvC1zGOSZ6m,Fixupboy,Pass Out
niche,43DRYHCJWpKCGblFKAqzGJ,Rundown Spaz,"First Day Out (Freestyle), Pt. 2"
